{
    "train_losses": [
        1.873708690773478,
        1.8221157563430022,
        1.8070401713708648,
        1.770086673640939,
        1.6957420861156538,
        1.6204778102115005,
        1.5480128506764064,
        1.4611814384008848,
        1.4146426418033482,
        1.3858486128384688,
        1.353676251714276,
        1.3211011657475762,
        1.298626758926094,
        1.2518536436856622,
        1.2281847802045285,
        1.206757706519953,
        1.1800491349942837,
        1.166061840515615,
        1.1504686033161238,
        1.1142929868777813,
        1.1016927007845185,
        1.0756803291089687,
        1.0637611574117187,
        1.0499760073539606,
        1.0342241592061885,
        1.0056071485649576,
        0.9956101899691611,
        0.9722729542793338,
        0.9691090049185793,
        0.9556794178187017,
        0.9443984576254502,
        0.9240625382797963,
        0.9095329625692872,
        0.9019562736527169,
        0.8946884965166076,
        0.8812727451656522,
        0.8705212981920056,
        0.8515606695230957,
        0.8433071325914442,
        0.8276574573476999,
        0.8189361905653164,
        0.8155991851785389,
        0.8087192142906295,
        0.7936263153313926,
        0.782918427398942,
        0.768923754811619,
        0.7752068876223976,
        0.7573246319978018,
        0.7573365984188813,
        0.7462064754165979
    ],
    "train_accuracies": [
        22.628118604954935,
        23.81242652501415,
        25.062045543606043,
        27.696259851090694,
        31.188226585971176,
        35.69904645796142,
        40.10536857229938,
        43.51896198894065,
        46.06609483171507,
        47.53777158531806,
        48.45648103801106,
        50.31567030957461,
        51.452083424043195,
        53.18065049854138,
        54.25610658771281,
        54.58701615361171,
        55.984673662211,
        56.424435058997695,
        57.29089563286455,
        58.68855314146384,
        59.55065964209518,
        60.03831584447251,
        61.03539861540471,
        60.778508294509514,
        61.27051857012235,
        63.15583228109897,
        63.12099969521487,
        64.47076239822354,
        63.94391953672661,
        64.3444942743937,
        65.04114599207558,
        65.76827622240606,
        66.43444942743938,
        66.67827752862803,
        67.20076631688946,
        67.34880480689685,
        68.12382984281795,
        68.48521792136543,
        68.92062524491662,
        69.31249183611268,
        69.78273174554796,
        70.04833021291418,
        70.00914355379457,
        70.86254190795489,
        70.94091522619411,
        71.7507728479993,
        71.44163364827796,
        72.31244829538034,
        72.02507946183655,
        72.91331040188096
    ],
    "val_losses": [
        1.8040273189544678,
        1.8109467029571533,
        1.7691377401351929,
        1.6987348794937134,
        1.6965062618255615,
        1.5434597730636597,
        1.4833035469055176,
        1.421531319618225,
        1.3730616569519043,
        1.3236747980117798,
        1.3246490955352783,
        1.2833542823791504,
        1.2697733640670776,
        1.223613977432251,
        1.2082360982894897,
        1.190619707107544,
        1.1912027597427368,
        1.1786121129989624,
        1.1657594442367554,
        1.1401184797286987,
        1.1269844770431519,
        1.117908239364624,
        1.1145398616790771,
        1.102835774421692,
        1.096398115158081,
        1.085357666015625,
        1.0813764333724976,
        1.092171549797058,
        1.0916754007339478,
        1.0759038925170898,
        1.0702673196792603,
        1.0583339929580688,
        1.0649415254592896,
        1.057399034500122,
        1.0558792352676392,
        1.0532864332199097,
        1.042548656463623,
        1.0493848323822021,
        1.0605353116989136,
        1.063278079032898,
        1.0736490488052368,
        1.0671364068984985,
        1.04002046585083,
        1.079390048980713,
        1.06443190574646,
        1.0657833814620972,
        1.0874733924865723,
        1.095171332359314,
        1.084398627281189,
        1.0801498889923096
    ],
    "val_accuracies": [
        23.09299895506792,
        24.88679902473006,
        28.091257401602228,
        29.432253570184606,
        30.738418669453154,
        38.52316266109369,
        42.215256008359454,
        44.56635318704284,
        48.049460118425635,
        48.85057471264368,
        49.843260188087775,
        51.56739811912226,
        51.77638453500523,
        54.4932079414838,
        53.970741901776385,
        54.057819575060954,
        55.57297109021247,
        55.13758272378962,
        55.39881574364333,
        57.314524555903866,
        57.488679902473,
        58.185301288749564,
        57.488679902473,
        59.16057122953675,
        59.03866248693835,
        59.108324625566006,
        59.29989550679206,
        59.80494601184257,
        59.57854406130268,
        60.18808777429467,
        60.2229188436085,
        60.658307210031346,
        60.309996516893065,
        60.53639846743295,
        61.05886450714037,
        61.47683733890631,
        61.70323928944619,
        61.51166840822013,
        61.772901428073844,
        60.8498780912574,
        61.18077324973877,
        60.867293625914314,
        61.42459073493556,
        61.49425287356322,
        61.912225705329156,
        61.8425635667015,
        61.7206548241031,
        61.790316962730756,
        61.63357715081853,
        61.5987460815047
    ],
    "val_f1_scores": [
        0.09525723207487322,
        0.081492876668722,
        0.11873174580239117,
        0.12883335728911066,
        0.2092700612322055,
        0.255567739710868,
        0.297640850781836,
        0.3207259621346579,
        0.370253196685398,
        0.3587431166677103,
        0.3837199098229821,
        0.39279219247771735,
        0.40391928104588243,
        0.4323418783326503,
        0.4262450664298102,
        0.4282301545047075,
        0.44045080720841706,
        0.4467760361187883,
        0.43727879018442967,
        0.47229219866738825,
        0.4605202796262347,
        0.47219272940845275,
        0.468741330918589,
        0.491695529430117,
        0.4990196380707932,
        0.5157482893851391,
        0.5194595950319575,
        0.5055228010108933,
        0.5214237487145962,
        0.541867807414151,
        0.5331551934790021,
        0.5387916089546131,
        0.5518386987730711,
        0.5580857438944741,
        0.5669701948367408,
        0.5715077955758162,
        0.5556978973875705,
        0.5566859147688404,
        0.5720469259232434,
        0.5587281487318961,
        0.5635517549675362,
        0.5667408919497484,
        0.5613125472775217,
        0.5695689937917358,
        0.5737704034857557,
        0.5839230442519906,
        0.571423595217048,
        0.5726219828115588,
        0.569098585603745,
        0.5693624858131857
    ],